Month,Commits
2008-07,40
2008-08,1
2008-09,2
2008-10,2
2008-11,3
2009-01,5
2009-02,8
2009-03,10
2009-04,26
2009-05,27
2009-06,3
2009-07,2
2009-08,9
2009-09,10
2009-11,5
2009-12,2
2010-01,10
2010-02,10
2010-03,7
2010-04,15
2010-05,6
2010-06,4
2010-07,25
2010-08,14
2010-09,4
2010-10,11
2010-11,14
2010-12,15
2011-01,27
2011-02,28
2011-03,4
2011-04,10
2011-05,2
2011-06,3
2011-07,11
2011-08,39
2011-09,77
2011-10,15
2011-11,44
2011-12,13
2012-01,12
2012-02,9
2012-03,26
2012-04,12
2012-05,12
2012-06,9
2012-07,9
2012-08,28
2012-09,43
2012-10,59
2012-11,135
2012-12,110
2013-01,108
2013-02,79
2013-03,70
2013-04,101
2013-05,90
2013-06,302
2013-07,220
2013-08,225
2013-09,200
2013-10,264
2013-11,285
2013-12,286
2014-01,391
2014-02,304
2014-03,312
2014-04,240
2014-05,173
2014-06,152
2014-07,263
2014-08,282
2014-09,349
2014-10,261
2014-11,308
2014-12,354
2015-01,415
2015-02,446
2015-03,285
2015-04,337
2015-05,368
2015-06,337
2015-07,417
2015-08,289
2015-09,303
2015-10,326
2015-11,284
2015-12,376
2016-01,313
2016-02,312
2016-03,382
2016-04,308
2016-05,293
2016-06,295
2016-07,253
2016-08,339
2016-09,270
2016-10,181
2016-11,123
2016-12,107
2017-01,195
2017-02,266
2017-03,163
2017-04,213
2017-05,153
2017-06,123
2017-07,112
2017-08,113
2017-09,89
2017-10,128
2017-11,83
2017-12,117
2018-01,101
2018-02,106
2018-03,85
2018-04,91
2018-05,100
2018-06,89
2018-07,73
2018-08,41
2018-09,64
2018-10,44
2018-11,64
2018-12,61
2019-01,116
2019-02,52
2019-03,78
2019-04,98
2019-05,56
2019-06,51
2019-07,82
2019-08,32
2019-09,43
2019-10,83
2019-11,85
2019-12,41
2020-01,54
2020-02,35
2020-03,49
2020-04,22
2020-05,38
2020-06,32
2020-07,5
2020-08,5
2020-09,39
2020-10,7
2020-11,122
2020-12,218
2021-01,130
2021-02,73
2021-03,56
2021-04,56
2021-05,35
2021-06,24
2021-07,2
2021-08,3
2021-10,6
2021-11,9
2021-12,11
2022-01,17
2022-02,25
2022-03,1
2022-04,7
2022-05,6
2022-06,9
2022-07,3
2022-08,20
2022-09,3
2022-10,18
2022-11,13
2023-02,36
2023-03,13
2023-04,14
2023-05,18
2023-06,13
2023-07,32
2023-08,3
2023-09,6
2023-10,1
2023-11,4
2023-12,3
2024-01,10
2024-02,8
2024-03,11
2024-04,6
2024-05,4
2024-06,16
2024-07,11
2024-08,3
2024-12,15
2025-01,8
2025-02,4
2025-03,24
2025-04,16
2025-05,6
2025-09,13
2025-10,10
2025-11,20
