Month,Commits
2018-12,190
2019-01,15
2019-02,46
2019-03,91
2019-04,80
2019-05,64
2019-06,55
2019-07,13
2019-08,47
2019-09,10
2019-10,29
2019-11,45
2019-12,15
2020-01,37
2020-02,53
2020-03,57
2020-04,33
2020-05,64
2020-06,121
2020-07,63
2020-08,76
2020-09,1
2020-10,86
2020-11,95
2020-12,39
2021-01,38
2021-02,40
2021-03,27
2021-04,2
2021-05,51
2021-06,11
2021-07,139
2021-08,34
2021-09,6
2021-10,113
2021-12,23
2022-01,48
2022-02,13
2022-03,24
2022-04,32
2022-05,114
2022-06,2
2022-07,50
2022-08,135
2022-09,82
2022-10,60
2022-11,95
2022-12,10
2023-01,60
2023-02,48
2023-03,66
2023-04,62
2023-05,23
2023-06,184
2023-07,54
2023-08,101
2023-09,73
2023-10,65
2023-11,14
2023-12,30
2024-01,377
2024-02,84
2024-03,303
2024-04,107
2024-05,61
2024-06,56
2024-07,92
2024-08,203
2024-09,109
2024-10,263
2024-11,220
2024-12,124
2025-01,151
2025-02,121
2025-03,59
2025-04,32
2025-05,62
2025-06,83
2025-07,71
2025-08,64
2025-09,104
2025-10,92
2025-11,81
2025-12,230
2026-01,76
2026-02,287
2026-03,50
